"{id:106,group:null,name:Name0,surname:Surname0,phone:12345670,email:user0@test.com}"
"{id:107,group:null,name:Name1,surname:Surname1,phone:12345671,email:user1@test.com}"
"{id:108,group:null,name:Name2,surname:Surname2,phone:12345672,email:user2@test.com}"
"{id:109,group:null,name:Name3,surname:Surname3,phone:12345673,email:user3@test.com}"
"{id:110,group:null,name:Name4,surname:Surname4,phone:12345674,email:user4@test.com}"
"{id:111,group:null,name:Name5,surname:Surname5,phone:12345675,email:user5@test.com}"
"{id:112,group:null,name:Name6,surname:Surname6,phone:12345676,email:user6@test.com}"
"{id:113,group:null,name:Name7,surname:Surname7,phone:12345677,email:user7@test.com}"
"{id:114,group:null,name:Name8,surname:Surname8,phone:12345678,email:user8@test.com}"
"{id:115,group:null,name:Name9,surname:Surname9,phone:12345679,email:user9@test.com}"
"{id:116,group:null,name:Name10,surname:Surname10,phone:123456710,email:user10@test.com}"
"{id:117,group:null,name:Name11,surname:Surname11,phone:123456711,email:user11@test.com}"
"{id:118,group:null,name:Name12,surname:Surname12,phone:123456712,email:user12@test.com}"
"{id:119,group:Test,name:Other0,surname:OtherSurname0,phone:76543210,email:user0@other.com}"
"{id:120,group:Test,name:Other1,surname:OtherSurname1,phone:76543211,email:user1@other.com}"
"{id:121,group:Test,name:Other2,surname:OtherSurname2,phone:76543212,email:user2@other.com}"
"{id:122,group:Test,name:Other3,surname:OtherSurname3,phone:76543213,email:user3@other.com}"
"{id:123,group:Test,name:Other4,surname:OtherSurname4,phone:76543214,email:user4@other.com}"
"{id:124,group:Test,name:Other5,surname:OtherSurname5,phone:76543215,email:user5@other.com}"
"{id:125,group:Test,name:Other6,surname:OtherSurname6,phone:76543216,email:user6@other.com}"
"{id:126,group:Test,name:Other7,surname:OtherSurname7,phone:76543217,email:user7@other.com}"
"{id:127,group:Test,name:Other8,surname:OtherSurname8,phone:76543218,email:user8@other.com}"
"{id:128,group:Test,name:Other9,surname:OtherSurname9,phone:76543219,email:user9@other.com}"
